user id,name,surname,login,course id,password
1,Сергей ,Иванов ,Merolena,1,aS2vVf
2,Анна ,Смирнова,Lley,2,OA6yHe
3,Дмитрий ,Кузнецов ,Onaeve,3,9mZXNo
4,Мария ,Петрова ,Donanda,4,U6ixif
5,Алексей ,Орлов ,Vereha,5,gpkVgv
6,Елена ,Васильева ,Winifama,6,1GyrjC
7,Николай ,Соколов ,Parsono,7,ASiywI
8,Ольга ,Федорова ,Jener,8,ILtw4T
9,Владимир ,Романов ,Iann,9,udKryM
10,Татьяна ,Козлова ,Manue,10,kXgSnh
11,Адель,Абамкина,Sonne-Senta,8,mummymy
12,Жасмина,Хорая,sunny_pampers,2,kikish
13,Кристина,Григорьева,kazuko_san,4,redraccoon
14,Виктор,Хлопук,dushniykrisenish,3,bububu
15,Ванька,Перво,ivan_kurut_2007,1,Scandic
16,Джон,Смит,uppypup,4,K9a3FzT
17,Мария,Гонзалез,CyberNova,1,g8qX3sW6
18,Джинн_Пьер,Дьюбон,StormRider,9,B4mP9vQ2
19,Анна,Мюллер,NeonFlash,6,x5LkZ2pV
20,Хироши,Танака,ShadowBlaze,6,Y3nS6wH0
21,Полина,Баврина,poldnik,2,j9Mf4lQ2
23,Дарья,Головня,madoka,4,madoka12345
24,Анна,Иванова ,Donanbd,4,U6ixisd
